Task,Start,End,Duration,Resource
Task 9,2022-04-16T22:43:58.175Z,2022-05-03T22:54:49.321Z,92,
Task 1,2022-09-16T17:39:50.192Z,2022-09-20T20:43:15.853Z,39,
Task 1,2022-01-26T12:04:00.881Z,2022-07-19T05:46:27.845Z,3,
Task 8,2022-01-16T15:01:22.467Z,2022-01-19T19:00:26.297Z,88,
Task 3,2022-05-04T02:07:02.482Z,2022-09-06T06:04:19.270Z,16,
Task 1,2022-02-04T22:59:24.047Z,2022-09-05T20:00:00.290Z,33,
Task 6,2022-05-22T16:26:10.819Z,2022-07-20T13:44:07.321Z,83,
Task 7,2022-01-24T23:57:43.633Z,2022-02-25T12:26:37.358Z,26,
Task 5,2022-08-15T01:14:09.669Z,2022-09-06T10:51:13.477Z,67,
Task 5,2022-09-13T20:36:10.533Z,2022-09-25T20:43:23.112Z,6,
Task 1,2022-04-09T05:43:41.704Z,2022-06-29T21:45:17.590Z,59,
Task 1,2022-08-30T06:19:13.605Z,2022-09-20T06:29:18.884Z,99,
Task 3,2022-05-13T20:20:10.666Z,2022-05-27T18:14:47.116Z,46,
Task 3,2022-09-25T19:34:02.733Z,2022-09-25T21:51:13.101Z,51,
Task 6,2022-08-11T05:12:56.994Z,2022-09-06T17:51:59.057Z,9,
Task 6,2022-06-04T17:02:14.346Z,2022-09-03T02:15:48.379Z,57,
Task 8,2022-09-14T10:04:24.680Z,2022-09-23T04:30:31.858Z,40,
Task 4,2022-01-02T13:48:51.404Z,2022-02-07T20:58:55.144Z,58,
Task 9,2022-07-24T21:17:41.561Z,2022-09-22T23:56:30.642Z,76,
Task 8,2022-09-25T22:30:29.328Z,2022-09-26T01:36:07.055Z,78,
Task 7,2022-02-12T04:48:28.078Z,2022-05-28T17:28:38.873Z,91,
Task 3,2022-08-28T12:53:22.229Z,2022-09-04T00:39:06.015Z,44,
Task 2,2022-01-28T04:47:33.783Z,2022-09-25T02:13:08.639Z,31,
Task 6,2022-05-26T13:32:52.294Z,2022-08-26T00:33:34.640Z,92,
Task 0,2022-06-13T13:25:27.337Z,2022-09-22T18:38:58.689Z,47,
Task 8,2022-06-28T00:08:33.298Z,2022-07-26T08:32:02.023Z,69,
Task 0,2022-07-30T09:47:44.027Z,2022-08-21T05:01:45.806Z,1,
Task 6,2022-03-21T19:34:04.146Z,2022-07-10T13:39:07.997Z,36,
Task 4,2022-08-03T22:28:20.630Z,2022-09-14T07:09:55.061Z,58,
Task 2,2022-07-04T02:24:16.481Z,2022-07-16T11:56:09.614Z,90,
Task 6,2022-03-22T00:11:56.838Z,2022-03-29T09:37:08.341Z,57,
Task 1,2022-03-22T11:38:10.277Z,2022-08-12T17:53:48.477Z,51,
Task 1,2022-04-09T19:49:43.481Z,2022-05-14T23:29:12.103Z,72,
Task 4,2022-03-09T08:21:33.862Z,2022-05-09T21:09:46.029Z,89,
Task 3,2022-04-17T20:32:34.282Z,2022-06-16T08:05:28.954Z,81,
Task 7,2022-09-11T11:52:30.405Z,2022-09-17T06:25:10.877Z,13,
Task 0,2022-03-22T20:31:48.062Z,2022-04-30T06:40:59.497Z,23,
Task 3,2022-04-08T16:23:43.100Z,2022-07-11T04:10:05.176Z,8,
Task 6,2022-07-01T01:18:25.531Z,2022-09-26T03:36:53.989Z,55,
Task 3,2022-04-21T00:40:53.538Z,2022-05-27T07:58:22.918Z,19,
Task 3,2022-02-07T01:48:02.572Z,2022-09-07T04:19:44.474Z,74,
Task 0,2022-08-20T20:01:55.768Z,2022-09-14T03:12:40.091Z,63,
Task 7,2022-07-18T07:00:50.806Z,2022-08-02T04:01:12.632Z,58,
Task 3,2022-03-20T17:57:56.412Z,2022-06-10T19:10:11.694Z,20,
Task 6,2022-05-27T23:32:34.140Z,2022-09-06T00:13:22.057Z,69,
Task 0,2022-04-19T00:25:24.161Z,2022-06-09T11:48:17.580Z,17,
Task 4,2022-04-02T12:29:24.728Z,2022-06-27T11:44:35.044Z,49,
Task 0,2022-08-26T16:12:01.832Z,2022-09-22T23:26:01.126Z,65,
Task 8,2022-08-09T10:24:51.668Z,2022-08-28T01:34:59.981Z,7,
Task 1,2022-06-20T20:00:18.670Z,2022-07-01T05:57:31.386Z,80,
Task 8,2022-05-12T06:18:49.048Z,2022-06-16T20:34:57.637Z,60,
Task 0,2022-08-11T22:21:36.812Z,2022-08-25T00:01:21.317Z,95,
Task 5,2022-09-23T00:55:52.018Z,2022-09-25T03:40:18.241Z,37,
Task 9,2022-03-19T00:44:45.177Z,2022-05-05T03:15:04.739Z,58,
Task 9,2022-08-14T05:43:03.420Z,2022-08-20T01:54:15.810Z,3,
Task 9,2022-04-21T11:25:37.293Z,2022-05-10T23:20:01.310Z,52,
Task 0,2022-09-02T08:20:54.415Z,2022-09-16T10:58:17.368Z,42,
Task 7,2022-02-26T02:54:35.646Z,2022-04-30T09:40:30.653Z,43,
Task 1,2022-02-08T21:59:10.807Z,2022-03-21T23:38:28.637Z,35,
Task 5,2022-06-29T00:44:51.704Z,2022-09-02T18:59:12.342Z,76,
Task 2,2022-07-15T06:03:52.348Z,2022-09-18T15:43:51.153Z,75,
Task 5,2022-02-21T09:59:38.813Z,2022-06-03T20:40:14.009Z,41,
Task 7,2022-06-26T09:18:19.080Z,2022-08-13T19:27:08.688Z,99,
Task 4,2022-03-16T05:23:25.784Z,2022-03-16T05:38:30.761Z,64,
Task 7,2022-09-17T10:46:25.620Z,2022-09-25T10:40:42.210Z,99,
Task 8,2022-05-04T09:00:59.030Z,2022-05-19T13:55:02.005Z,13,
Task 1,2022-02-22T09:13:53.085Z,2022-03-13T00:10:43.687Z,82,
Task 5,2022-08-25T21:07:55.151Z,2022-09-09T21:08:43.680Z,7,
Task 9,2022-05-30T17:54:35.351Z,2022-08-01T09:29:54.307Z,43,
Task 3,2022-04-02T09:26:17.778Z,2022-04-14T06:06:48.998Z,85,
Task 4,2022-08-22T15:49:42.368Z,2022-09-25T18:59:10.937Z,25,
Task 5,2022-03-08T12:31:53.772Z,2022-07-16T16:19:09.980Z,41,
Task 5,2022-02-27T12:36:21.507Z,2022-08-13T10:37:43.157Z,87,
Task 2,2022-09-18T09:46:40.980Z,2022-09-19T08:30:18.306Z,98,
Task 5,2022-03-20T23:05:34.867Z,2022-05-31T04:05:23.621Z,40,
Task 0,2022-03-16T21:05:20.060Z,2022-04-10T06:35:21.416Z,33,
Task 3,2022-07-03T01:59:20.954Z,2022-08-03T07:25:34.019Z,33,
Task 8,2022-03-15T20:36:24.584Z,2022-09-25T07:26:13.238Z,24,
Task 8,2022-08-07T05:36:20.578Z,2022-08-26T06:09:52.570Z,92,
Task 4,2022-05-07T16:31:27.439Z,2022-07-16T01:59:44.666Z,81,
Task 7,2022-01-27T07:43:32.094Z,2022-02-28T11:43:42.376Z,99,
Task 8,2022-09-01T01:06:43.237Z,2022-09-09T23:47:16.608Z,15,
Task 6,2022-05-24T04:14:59.915Z,2022-06-11T04:04:01.853Z,12,
Task 8,2022-08-25T02:06:12.063Z,2022-08-26T06:58:55.800Z,67,
Task 8,2022-07-12T00:57:04.754Z,2022-08-05T10:54:06.780Z,70,
Task 3,2022-03-28T01:08:08.349Z,2022-06-07T22:31:20.265Z,21,
Task 1,2022-01-20T03:39:50.277Z,2022-08-21T22:42:52.876Z,3,
Task 9,2022-03-26T17:00:18.945Z,2022-06-16T01:20:56.603Z,88,
Task 2,2022-06-17T13:36:52.788Z,2022-08-06T17:59:36.038Z,26,
Task 3,2022-03-30T12:31:48.162Z,2022-08-19T08:23:45.323Z,60,
Task 3,2022-06-22T21:02:15.400Z,2022-09-23T17:27:30.567Z,87,
Task 9,2022-01-26T11:33:25.713Z,2022-07-31T19:36:49.418Z,76,
Task 2,2022-05-03T14:54:28.503Z,2022-08-23T23:52:16.272Z,80,
Task 2,2022-01-10T23:43:47.364Z,2022-05-03T22:33:54.306Z,78,
Task 0,2022-02-09T19:07:19.173Z,2022-06-02T09:32:44.690Z,4,
Task 5,2022-08-16T14:21:04.925Z,2022-08-29T04:18:53.700Z,38,
Task 9,2022-08-01T05:43:39.196Z,2022-08-11T02:02:10.272Z,19,
Task 9,2022-03-30T12:23:26.792Z,2022-04-25T12:18:14.814Z,94,
Task 4,2022-01-11T02:23:30.794Z,2022-04-18T02:31:03.737Z,88,
Task 7,2022-01-30T19:23:36.137Z,2022-04-18T09:09:48.804Z,94,
Task 2,2022-06-23T15:01:32.671Z,2022-08-21T05:32:47.970Z,92,
